URL;Orders
https://kazanexpress.ru/product/221974;
https://kazanexpress.ru/product/221975;
https://kazanexpress.ru/product/221976;
https://kazanexpress.ru/product/221977;
https://kazanexpress.ru/product/221978;
https://kazanexpress.ru/product/221979;
https://kazanexpress.ru/product/221980;
https://kazanexpress.ru/product/221981;
https://kazanexpress.ru/product/221982;
https://kazanexpress.ru/product/221983;
https://kazanexpress.ru/product/221984;
https://kazanexpress.ru/product/221985;
https://kazanexpress.ru/product/221986;
https://kazanexpress.ru/product/221987;
https://kazanexpress.ru/product/221988;
https://kazanexpress.ru/product/221989;
https://kazanexpress.ru/product/221990;
https://kazanexpress.ru/product/221991;
https://kazanexpress.ru/product/221992;
https://kazanexpress.ru/product/221993;
https://kazanexpress.ru/product/221994;
https://kazanexpress.ru/product/221995;
https://kazanexpress.ru/product/221996;
https://kazanexpress.ru/product/221997;
https://kazanexpress.ru/product/221998;
https://kazanexpress.ru/product/221999;
https://kazanexpress.ru/product/222000;
https://kazanexpress.ru/product/222001;
https://kazanexpress.ru/product/222002;
https://kazanexpress.ru/product/222003;
https://kazanexpress.ru/product/222004;
https://kazanexpress.ru/product/222005;
https://kazanexpress.ru/product/222006;
https://kazanexpress.ru/product/222007;
https://kazanexpress.ru/product/222008;
https://kazanexpress.ru/product/222009;
https://kazanexpress.ru/product/222010;
https://kazanexpress.ru/product/222011;
https://kazanexpress.ru/product/222012;
https://kazanexpress.ru/product/222013;
https://kazanexpress.ru/product/222014;
https://kazanexpress.ru/product/222015;
https://kazanexpress.ru/product/222016;
https://kazanexpress.ru/product/222017;
https://kazanexpress.ru/product/222018;
https://kazanexpress.ru/product/222019;
https://kazanexpress.ru/product/222020;
https://kazanexpress.ru/product/222021;
https://kazanexpress.ru/product/222022;
https://kazanexpress.ru/product/222023;
https://kazanexpress.ru/product/222024;
https://kazanexpress.ru/product/222025;
https://kazanexpress.ru/product/222026;
https://kazanexpress.ru/product/222027;
https://kazanexpress.ru/product/222028;
https://kazanexpress.ru/product/222029;
https://kazanexpress.ru/product/222030;
https://kazanexpress.ru/product/222031;
https://kazanexpress.ru/product/222032;
https://kazanexpress.ru/product/222033;
https://kazanexpress.ru/product/222034;
https://kazanexpress.ru/product/222035;
https://kazanexpress.ru/product/222036;
https://kazanexpress.ru/product/222037;
https://kazanexpress.ru/product/222038;
https://kazanexpress.ru/product/222039;
https://kazanexpress.ru/product/222040;
https://kazanexpress.ru/product/222041;
https://kazanexpress.ru/product/222042;
https://kazanexpress.ru/product/222043;
https://kazanexpress.ru/product/222044;
https://kazanexpress.ru/product/222045;
https://kazanexpress.ru/product/222046;
https://kazanexpress.ru/product/222047;
https://kazanexpress.ru/product/222048;
https://kazanexpress.ru/product/222049;
https://kazanexpress.ru/product/222050;
https://kazanexpress.ru/product/222051;
https://kazanexpress.ru/product/222052;
https://kazanexpress.ru/product/222053;
https://kazanexpress.ru/product/222054;
https://kazanexpress.ru/product/222055;
https://kazanexpress.ru/product/222056;
https://kazanexpress.ru/product/222057;
https://kazanexpress.ru/product/222058;
https://kazanexpress.ru/product/222059;
https://kazanexpress.ru/product/222060;
https://kazanexpress.ru/product/222061;
https://kazanexpress.ru/product/222062;
https://kazanexpress.ru/product/222063;
https://kazanexpress.ru/product/222064;
https://kazanexpress.ru/product/222065;
https://kazanexpress.ru/product/222066;
https://kazanexpress.ru/product/222067;
https://kazanexpress.ru/product/222068;
https://kazanexpress.ru/product/222069;
https://kazanexpress.ru/product/222070;
https://kazanexpress.ru/product/222071;
https://kazanexpress.ru/product/222072;
https://kazanexpress.ru/product/222073;
https://kazanexpress.ru/product/222074;
https://kazanexpress.ru/product/222075;
https://kazanexpress.ru/product/222076;
https://kazanexpress.ru/product/222077;
https://kazanexpress.ru/product/222078;
https://kazanexpress.ru/product/222079;
https://kazanexpress.ru/product/222080;
https://kazanexpress.ru/product/222081;
https://kazanexpress.ru/product/222082;
https://kazanexpress.ru/product/222083;
https://kazanexpress.ru/product/222084;
https://kazanexpress.ru/product/222085;
https://kazanexpress.ru/product/222086;
https://kazanexpress.ru/product/222087;
https://kazanexpress.ru/product/222088;
https://kazanexpress.ru/product/222089;
https://kazanexpress.ru/product/222090;
https://kazanexpress.ru/product/222091;
https://kazanexpress.ru/product/222092;
https://kazanexpress.ru/product/222093;
https://kazanexpress.ru/product/222094;
https://kazanexpress.ru/product/222095;
https://kazanexpress.ru/product/222096;
https://kazanexpress.ru/product/222097;
https://kazanexpress.ru/product/222098;
https://kazanexpress.ru/product/222099;
https://kazanexpress.ru/product/222100;
https://kazanexpress.ru/product/222101;
https://kazanexpress.ru/product/222102;
https://kazanexpress.ru/product/222103;
https://kazanexpress.ru/product/222104;
https://kazanexpress.ru/product/222105;
https://kazanexpress.ru/product/222106;
https://kazanexpress.ru/product/222107;
https://kazanexpress.ru/product/222108;
https://kazanexpress.ru/product/222109;
https://kazanexpress.ru/product/222110;
https://kazanexpress.ru/product/222111;
https://kazanexpress.ru/product/222112;
https://kazanexpress.ru/product/222113;
https://kazanexpress.ru/product/222114;
https://kazanexpress.ru/product/222115;
https://kazanexpress.ru/product/222116;
https://kazanexpress.ru/product/222117;
https://kazanexpress.ru/product/222118;
https://kazanexpress.ru/product/222119;
https://kazanexpress.ru/product/222120;
https://kazanexpress.ru/product/222121;
https://kazanexpress.ru/product/222122;
https://kazanexpress.ru/product/222123;
https://kazanexpress.ru/product/222124;
https://kazanexpress.ru/product/222125;
https://kazanexpress.ru/product/222126;
https://kazanexpress.ru/product/222127;
https://kazanexpress.ru/product/222128;
https://kazanexpress.ru/product/222129;
https://kazanexpress.ru/product/222130;
https://kazanexpress.ru/product/222131;
https://kazanexpress.ru/product/222132;
https://kazanexpress.ru/product/222133;
https://kazanexpress.ru/product/222134;
https://kazanexpress.ru/product/222135;
https://kazanexpress.ru/product/222136;
https://kazanexpress.ru/product/222137;
https://kazanexpress.ru/product/222138;
https://kazanexpress.ru/product/222139;
https://kazanexpress.ru/product/222140;
https://kazanexpress.ru/product/222141;
https://kazanexpress.ru/product/222142;
https://kazanexpress.ru/product/222143;
https://kazanexpress.ru/product/222144;
https://kazanexpress.ru/product/222145;
https://kazanexpress.ru/product/222146;
https://kazanexpress.ru/product/222147;
https://kazanexpress.ru/product/222148;
https://kazanexpress.ru/product/222149;
https://kazanexpress.ru/product/222150;
https://kazanexpress.ru/product/222151;
https://kazanexpress.ru/product/222152;
https://kazanexpress.ru/product/222153;
https://kazanexpress.ru/product/222154;
https://kazanexpress.ru/product/222155;
https://kazanexpress.ru/product/222156;
https://kazanexpress.ru/product/222157;
https://kazanexpress.ru/product/222158;
https://kazanexpress.ru/product/222159;
https://kazanexpress.ru/product/222160;
https://kazanexpress.ru/product/222161;
https://kazanexpress.ru/product/222162;
https://kazanexpress.ru/product/222163;
https://kazanexpress.ru/product/222164;
https://kazanexpress.ru/product/222165;
https://kazanexpress.ru/product/222166;
https://kazanexpress.ru/product/222167;
https://kazanexpress.ru/product/222168;
https://kazanexpress.ru/product/222169;
https://kazanexpress.ru/product/222170;
https://kazanexpress.ru/product/222171;
https://kazanexpress.ru/product/222172;
https://kazanexpress.ru/product/222173;
https://kazanexpress.ru/product/222174;
https://kazanexpress.ru/product/222175;
https://kazanexpress.ru/product/222176;
https://kazanexpress.ru/product/222177;
https://kazanexpress.ru/product/222178;
https://kazanexpress.ru/product/222179;
https://kazanexpress.ru/product/222180;
https://kazanexpress.ru/product/222181;
https://kazanexpress.ru/product/222182;
https://kazanexpress.ru/product/222183;
https://kazanexpress.ru/product/222184;
https://kazanexpress.ru/product/222185;
https://kazanexpress.ru/product/222186;
https://kazanexpress.ru/product/222187;
https://kazanexpress.ru/product/222188;
https://kazanexpress.ru/product/222189;
https://kazanexpress.ru/product/222190;
https://kazanexpress.ru/product/222191;
https://kazanexpress.ru/product/222192;
https://kazanexpress.ru/product/222193;
https://kazanexpress.ru/product/222194;
https://kazanexpress.ru/product/222195;
https://kazanexpress.ru/product/222196;
https://kazanexpress.ru/product/222197;
https://kazanexpress.ru/product/222198;
https://kazanexpress.ru/product/222199;
https://kazanexpress.ru/product/222200;
https://kazanexpress.ru/product/222201;
https://kazanexpress.ru/product/222202;
https://kazanexpress.ru/product/222203;
https://kazanexpress.ru/product/222204;
https://kazanexpress.ru/product/222205;
https://kazanexpress.ru/product/222206;
https://kazanexpress.ru/product/222207;
https://kazanexpress.ru/product/222208;
https://kazanexpress.ru/product/222209;
https://kazanexpress.ru/product/222210;
https://kazanexpress.ru/product/222211;
https://kazanexpress.ru/product/222212;
https://kazanexpress.ru/product/222213;
https://kazanexpress.ru/product/222214;
https://kazanexpress.ru/product/222215;
https://kazanexpress.ru/product/222216;
https://kazanexpress.ru/product/222217;
https://kazanexpress.ru/product/222218;
https://kazanexpress.ru/product/222219;
https://kazanexpress.ru/product/222220;
https://kazanexpress.ru/product/222221;
https://kazanexpress.ru/product/222222;
https://kazanexpress.ru/product/222223;
https://kazanexpress.ru/product/222224;
https://kazanexpress.ru/product/222225;
https://kazanexpress.ru/product/222226;
https://kazanexpress.ru/product/222227;
https://kazanexpress.ru/product/222228;
https://kazanexpress.ru/product/222229;
https://kazanexpress.ru/product/222230;
https://kazanexpress.ru/product/222231;
https://kazanexpress.ru/product/222232;
https://kazanexpress.ru/product/222233;
https://kazanexpress.ru/product/222234;
https://kazanexpress.ru/product/222235;
https://kazanexpress.ru/product/222236;
https://kazanexpress.ru/product/222237;
https://kazanexpress.ru/product/222238;
https://kazanexpress.ru/product/222239;
https://kazanexpress.ru/product/222240;
https://kazanexpress.ru/product/222241;
https://kazanexpress.ru/product/222242;
https://kazanexpress.ru/product/222243;
https://kazanexpress.ru/product/222244;
https://kazanexpress.ru/product/222245;
https://kazanexpress.ru/product/222246;
https://kazanexpress.ru/product/222247;
https://kazanexpress.ru/product/222248;
https://kazanexpress.ru/product/222249;
https://kazanexpress.ru/product/222250;
https://kazanexpress.ru/product/222251;
https://kazanexpress.ru/product/222252;
https://kazanexpress.ru/product/222253;
https://kazanexpress.ru/product/222254;
https://kazanexpress.ru/product/222255;
https://kazanexpress.ru/product/222256;
https://kazanexpress.ru/product/222257;
https://kazanexpress.ru/product/222258;
https://kazanexpress.ru/product/222259;
https://kazanexpress.ru/product/222260;
https://kazanexpress.ru/product/222261;
https://kazanexpress.ru/product/222262;
https://kazanexpress.ru/product/222263;
https://kazanexpress.ru/product/222264;
https://kazanexpress.ru/product/222265;
https://kazanexpress.ru/product/222266;
https://kazanexpress.ru/product/222267;
https://kazanexpress.ru/product/222268;
https://kazanexpress.ru/product/222269;
https://kazanexpress.ru/product/222270;
https://kazanexpress.ru/product/222271;
https://kazanexpress.ru/product/222272;
https://kazanexpress.ru/product/222273;
https://kazanexpress.ru/product/222274;
https://kazanexpress.ru/product/222275;
https://kazanexpress.ru/product/222276;
https://kazanexpress.ru/product/222277;
https://kazanexpress.ru/product/222278;
https://kazanexpress.ru/product/222279;
https://kazanexpress.ru/product/222280;
https://kazanexpress.ru/product/222281;
https://kazanexpress.ru/product/222282;
https://kazanexpress.ru/product/222283;
https://kazanexpress.ru/product/222284;
https://kazanexpress.ru/product/222285;
https://kazanexpress.ru/product/222286;
https://kazanexpress.ru/product/222287;
https://kazanexpress.ru/product/222288;
https://kazanexpress.ru/product/222289;
https://kazanexpress.ru/product/222290;
https://kazanexpress.ru/product/222291;
https://kazanexpress.ru/product/222292;
https://kazanexpress.ru/product/222293;
https://kazanexpress.ru/product/222294;
https://kazanexpress.ru/product/222295;
https://kazanexpress.ru/product/222296;
https://kazanexpress.ru/product/222297;
https://kazanexpress.ru/product/222298;
https://kazanexpress.ru/product/222299;
https://kazanexpress.ru/product/222300;
https://kazanexpress.ru/product/222301;
https://kazanexpress.ru/product/222302;
https://kazanexpress.ru/product/222303;
https://kazanexpress.ru/product/222304;
https://kazanexpress.ru/product/222305;
https://kazanexpress.ru/product/222306;
https://kazanexpress.ru/product/222307;
https://kazanexpress.ru/product/222308;
https://kazanexpress.ru/product/222309;
https://kazanexpress.ru/product/222310;
https://kazanexpress.ru/product/222311;
https://kazanexpress.ru/product/222312;
https://kazanexpress.ru/product/222313;
https://kazanexpress.ru/product/222314;
https://kazanexpress.ru/product/222315;
https://kazanexpress.ru/product/222316;
https://kazanexpress.ru/product/222317;
https://kazanexpress.ru/product/222318;
https://kazanexpress.ru/product/222319;
https://kazanexpress.ru/product/222320;
https://kazanexpress.ru/product/222321;
https://kazanexpress.ru/product/222322;
https://kazanexpress.ru/product/222323;
https://kazanexpress.ru/product/222324;
https://kazanexpress.ru/product/222325;
https://kazanexpress.ru/product/222326;
https://kazanexpress.ru/product/222327;
https://kazanexpress.ru/product/222328;
https://kazanexpress.ru/product/222329;
https://kazanexpress.ru/product/222330;
https://kazanexpress.ru/product/222331;
https://kazanexpress.ru/product/222332;
https://kazanexpress.ru/product/222333;
https://kazanexpress.ru/product/222334;
https://kazanexpress.ru/product/222335;
https://kazanexpress.ru/product/222336;
https://kazanexpress.ru/product/222337;
https://kazanexpress.ru/product/222338;
https://kazanexpress.ru/product/222339;
https://kazanexpress.ru/product/222340;
https://kazanexpress.ru/product/222341;
https://kazanexpress.ru/product/222342;
https://kazanexpress.ru/product/222343;
https://kazanexpress.ru/product/222344;
https://kazanexpress.ru/product/222345;
https://kazanexpress.ru/product/222346;
https://kazanexpress.ru/product/222347;
https://kazanexpress.ru/product/222348;
https://kazanexpress.ru/product/222349;
https://kazanexpress.ru/product/222350;
https://kazanexpress.ru/product/222351;
https://kazanexpress.ru/product/222352;
https://kazanexpress.ru/product/222353;
https://kazanexpress.ru/product/222354;
https://kazanexpress.ru/product/222355;
https://kazanexpress.ru/product/222356;
https://kazanexpress.ru/product/222357;
https://kazanexpress.ru/product/222358;
https://kazanexpress.ru/product/222359;
https://kazanexpress.ru/product/222360;
https://kazanexpress.ru/product/222361;
https://kazanexpress.ru/product/222362;
https://kazanexpress.ru/product/222363;
https://kazanexpress.ru/product/222364;
https://kazanexpress.ru/product/222365;
https://kazanexpress.ru/product/222366;
https://kazanexpress.ru/product/222367;
https://kazanexpress.ru/product/222368;
https://kazanexpress.ru/product/222369;
https://kazanexpress.ru/product/222370;
https://kazanexpress.ru/product/222371;
https://kazanexpress.ru/product/222372;
https://kazanexpress.ru/product/222373;
https://kazanexpress.ru/product/222374;
https://kazanexpress.ru/product/222375;
https://kazanexpress.ru/product/222376;
https://kazanexpress.ru/product/222377;
https://kazanexpress.ru/product/222378;
https://kazanexpress.ru/product/222379;
https://kazanexpress.ru/product/222380;
https://kazanexpress.ru/product/222381;
https://kazanexpress.ru/product/222382;
https://kazanexpress.ru/product/222383;
https://kazanexpress.ru/product/222384;
https://kazanexpress.ru/product/222385;
https://kazanexpress.ru/product/222386;
https://kazanexpress.ru/product/222387;
https://kazanexpress.ru/product/222388;
https://kazanexpress.ru/product/222389;
https://kazanexpress.ru/product/222390;
https://kazanexpress.ru/product/222391;
https://kazanexpress.ru/product/222392;
https://kazanexpress.ru/product/222393;
https://kazanexpress.ru/product/222394;
https://kazanexpress.ru/product/222395;
https://kazanexpress.ru/product/222396;
https://kazanexpress.ru/product/222397;
https://kazanexpress.ru/product/222398;
https://kazanexpress.ru/product/222399;
https://kazanexpress.ru/product/222400;
https://kazanexpress.ru/product/222401;
https://kazanexpress.ru/product/222402;
https://kazanexpress.ru/product/222403;
https://kazanexpress.ru/product/222404;
https://kazanexpress.ru/product/222405;
https://kazanexpress.ru/product/222406;
https://kazanexpress.ru/product/222407;
https://kazanexpress.ru/product/222408;
https://kazanexpress.ru/product/222409;
https://kazanexpress.ru/product/222410;
https://kazanexpress.ru/product/222411;
https://kazanexpress.ru/product/222412;
https://kazanexpress.ru/product/222413;
https://kazanexpress.ru/product/222414;
https://kazanexpress.ru/product/222415;
https://kazanexpress.ru/product/222416;
https://kazanexpress.ru/product/222417;
https://kazanexpress.ru/product/222418;
https://kazanexpress.ru/product/222419;
https://kazanexpress.ru/product/222420;
https://kazanexpress.ru/product/222421;
https://kazanexpress.ru/product/222422;
https://kazanexpress.ru/product/222423;
https://kazanexpress.ru/product/222424;
https://kazanexpress.ru/product/222425;
https://kazanexpress.ru/product/222426;
https://kazanexpress.ru/product/222427;
https://kazanexpress.ru/product/222428;
https://kazanexpress.ru/product/222429;
https://kazanexpress.ru/product/222430;
https://kazanexpress.ru/product/222431;
https://kazanexpress.ru/product/222432;
https://kazanexpress.ru/product/222433;
https://kazanexpress.ru/product/222434;
https://kazanexpress.ru/product/222435;
https://kazanexpress.ru/product/222436;
https://kazanexpress.ru/product/222437;
https://kazanexpress.ru/product/222438;
https://kazanexpress.ru/product/222439;
https://kazanexpress.ru/product/222440;
https://kazanexpress.ru/product/222441;
https://kazanexpress.ru/product/222442;
https://kazanexpress.ru/product/222443;
https://kazanexpress.ru/product/222444;
https://kazanexpress.ru/product/222445;
https://kazanexpress.ru/product/222446;
https://kazanexpress.ru/product/222447;
https://kazanexpress.ru/product/222448;
https://kazanexpress.ru/product/222449;
https://kazanexpress.ru/product/222450;
https://kazanexpress.ru/product/222451;
https://kazanexpress.ru/product/222452;
https://kazanexpress.ru/product/222453;
https://kazanexpress.ru/product/222454;
https://kazanexpress.ru/product/222455;
https://kazanexpress.ru/product/222456;
https://kazanexpress.ru/product/222457;
https://kazanexpress.ru/product/222458;
https://kazanexpress.ru/product/222459;
https://kazanexpress.ru/product/222460;
https://kazanexpress.ru/product/222461;
https://kazanexpress.ru/product/222462;
https://kazanexpress.ru/product/222463;
https://kazanexpress.ru/product/222464;
https://kazanexpress.ru/product/222465;
https://kazanexpress.ru/product/222466;
https://kazanexpress.ru/product/222467;
https://kazanexpress.ru/product/222468;
https://kazanexpress.ru/product/222469;
https://kazanexpress.ru/product/222470;
https://kazanexpress.ru/product/222471;
https://kazanexpress.ru/product/222472;
https://kazanexpress.ru/product/222473;
https://kazanexpress.ru/product/222474;
https://kazanexpress.ru/product/222475;
https://kazanexpress.ru/product/222476;
https://kazanexpress.ru/product/222477;
https://kazanexpress.ru/product/222478;
https://kazanexpress.ru/product/222479;
https://kazanexpress.ru/product/222480;
https://kazanexpress.ru/product/222481;
https://kazanexpress.ru/product/222482;
https://kazanexpress.ru/product/222483;
https://kazanexpress.ru/product/222484;
https://kazanexpress.ru/product/222485;
https://kazanexpress.ru/product/222486;
https://kazanexpress.ru/product/222487;
https://kazanexpress.ru/product/222488;
https://kazanexpress.ru/product/222489;
https://kazanexpress.ru/product/222490;
https://kazanexpress.ru/product/222491;
https://kazanexpress.ru/product/222492;
https://kazanexpress.ru/product/222493;
https://kazanexpress.ru/product/222494;
https://kazanexpress.ru/product/222495;
https://kazanexpress.ru/product/222496;
https://kazanexpress.ru/product/222497;
https://kazanexpress.ru/product/222498;
https://kazanexpress.ru/product/222499;
https://kazanexpress.ru/product/222500;
https://kazanexpress.ru/product/222501;
https://kazanexpress.ru/product/222502;
https://kazanexpress.ru/product/222503;
https://kazanexpress.ru/product/222504;
https://kazanexpress.ru/product/222505;
https://kazanexpress.ru/product/222506;
https://kazanexpress.ru/product/222507;
https://kazanexpress.ru/product/222508;
https://kazanexpress.ru/product/222509;
https://kazanexpress.ru/product/222510;
https://kazanexpress.ru/product/222511;
https://kazanexpress.ru/product/222512;
https://kazanexpress.ru/product/222513;
https://kazanexpress.ru/product/222514;
https://kazanexpress.ru/product/222515;
https://kazanexpress.ru/product/222516;
https://kazanexpress.ru/product/222517;
https://kazanexpress.ru/product/222518;
https://kazanexpress.ru/product/222519;
https://kazanexpress.ru/product/222520;
https://kazanexpress.ru/product/222521;
https://kazanexpress.ru/product/222522;
https://kazanexpress.ru/product/222523;
https://kazanexpress.ru/product/222524;
https://kazanexpress.ru/product/222525;
https://kazanexpress.ru/product/222526;
https://kazanexpress.ru/product/222527;
https://kazanexpress.ru/product/222528;
https://kazanexpress.ru/product/222529;
https://kazanexpress.ru/product/222530;
https://kazanexpress.ru/product/222531;
https://kazanexpress.ru/product/222532;
https://kazanexpress.ru/product/222533;
https://kazanexpress.ru/product/222534;
https://kazanexpress.ru/product/222535;
https://kazanexpress.ru/product/222536;
https://kazanexpress.ru/product/222537;
https://kazanexpress.ru/product/222538;
https://kazanexpress.ru/product/222539;
https://kazanexpress.ru/product/222540;
https://kazanexpress.ru/product/222541;
https://kazanexpress.ru/product/222542;
https://kazanexpress.ru/product/222543;
https://kazanexpress.ru/product/222544;
https://kazanexpress.ru/product/222545;
https://kazanexpress.ru/product/222546;
https://kazanexpress.ru/product/222547;
https://kazanexpress.ru/product/222548;
https://kazanexpress.ru/product/222549;
https://kazanexpress.ru/product/222550;
https://kazanexpress.ru/product/222551;
https://kazanexpress.ru/product/222552;
https://kazanexpress.ru/product/222553;
https://kazanexpress.ru/product/222554;
https://kazanexpress.ru/product/222555;
https://kazanexpress.ru/product/222556;
https://kazanexpress.ru/product/222557;
https://kazanexpress.ru/product/222558;
https://kazanexpress.ru/product/222559;
https://kazanexpress.ru/product/222560;
https://kazanexpress.ru/product/222561;
https://kazanexpress.ru/product/222562;
https://kazanexpress.ru/product/222563;
https://kazanexpress.ru/product/222564;
https://kazanexpress.ru/product/222565;
https://kazanexpress.ru/product/222566;
https://kazanexpress.ru/product/222567;
https://kazanexpress.ru/product/222568;
https://kazanexpress.ru/product/222569;
https://kazanexpress.ru/product/222570;
https://kazanexpress.ru/product/222571;
https://kazanexpress.ru/product/222572;
https://kazanexpress.ru/product/222573;
https://kazanexpress.ru/product/222574;
https://kazanexpress.ru/product/222575;
https://kazanexpress.ru/product/222576;
https://kazanexpress.ru/product/222577;
https://kazanexpress.ru/product/222578;
https://kazanexpress.ru/product/222579;
https://kazanexpress.ru/product/222580;
https://kazanexpress.ru/product/222581;
https://kazanexpress.ru/product/222582;
https://kazanexpress.ru/product/222583;
https://kazanexpress.ru/product/222584;
https://kazanexpress.ru/product/222585;
https://kazanexpress.ru/product/222586;
https://kazanexpress.ru/product/222587;
https://kazanexpress.ru/product/222588;
https://kazanexpress.ru/product/222589;
https://kazanexpress.ru/product/222590;
https://kazanexpress.ru/product/222591;
https://kazanexpress.ru/product/222592;
https://kazanexpress.ru/product/222593;
https://kazanexpress.ru/product/222594;
https://kazanexpress.ru/product/222595;
https://kazanexpress.ru/product/222596;
https://kazanexpress.ru/product/222597;
https://kazanexpress.ru/product/222598;
https://kazanexpress.ru/product/222599;
https://kazanexpress.ru/product/222600;
https://kazanexpress.ru/product/222601;
https://kazanexpress.ru/product/222602;
https://kazanexpress.ru/product/222603;
https://kazanexpress.ru/product/222604;
https://kazanexpress.ru/product/222605;
https://kazanexpress.ru/product/222606;
https://kazanexpress.ru/product/222607;
https://kazanexpress.ru/product/222608;
https://kazanexpress.ru/product/222609;
https://kazanexpress.ru/product/222610;
https://kazanexpress.ru/product/222611;
https://kazanexpress.ru/product/222612;
https://kazanexpress.ru/product/222613;
https://kazanexpress.ru/product/222614;
https://kazanexpress.ru/product/222615;
https://kazanexpress.ru/product/222616;
https://kazanexpress.ru/product/222617;
https://kazanexpress.ru/product/222618;
https://kazanexpress.ru/product/222619;
https://kazanexpress.ru/product/222620;
https://kazanexpress.ru/product/222621;
https://kazanexpress.ru/product/222622;
https://kazanexpress.ru/product/222623;
https://kazanexpress.ru/product/222624;
https://kazanexpress.ru/product/222625;
https://kazanexpress.ru/product/222626;
https://kazanexpress.ru/product/222627;
https://kazanexpress.ru/product/222628;
https://kazanexpress.ru/product/222629;
https://kazanexpress.ru/product/222630;
https://kazanexpress.ru/product/222631;
https://kazanexpress.ru/product/222632;
https://kazanexpress.ru/product/222633;
https://kazanexpress.ru/product/222634;
https://kazanexpress.ru/product/222635;
https://kazanexpress.ru/product/222636;
https://kazanexpress.ru/product/222637;
https://kazanexpress.ru/product/222638;
https://kazanexpress.ru/product/222639;
https://kazanexpress.ru/product/222640;
https://kazanexpress.ru/product/222641;
https://kazanexpress.ru/product/222642;
https://kazanexpress.ru/product/222643;
https://kazanexpress.ru/product/222644;
https://kazanexpress.ru/product/222645;
https://kazanexpress.ru/product/222646;
https://kazanexpress.ru/product/222647;
https://kazanexpress.ru/product/222648;
https://kazanexpress.ru/product/222649;
https://kazanexpress.ru/product/222650;
https://kazanexpress.ru/product/222651;
https://kazanexpress.ru/product/222652;
https://kazanexpress.ru/product/222653;
https://kazanexpress.ru/product/222654;
https://kazanexpress.ru/product/222655;
https://kazanexpress.ru/product/222656;
https://kazanexpress.ru/product/222657;
https://kazanexpress.ru/product/222658;
https://kazanexpress.ru/product/222659;
https://kazanexpress.ru/product/222660;
https://kazanexpress.ru/product/222661;
https://kazanexpress.ru/product/222662;
https://kazanexpress.ru/product/222663;
https://kazanexpress.ru/product/222664;
https://kazanexpress.ru/product/222665;
https://kazanexpress.ru/product/222666;
https://kazanexpress.ru/product/222667;
https://kazanexpress.ru/product/222668;
https://kazanexpress.ru/product/222669;
https://kazanexpress.ru/product/222670;
https://kazanexpress.ru/product/222671;
https://kazanexpress.ru/product/222672;
https://kazanexpress.ru/product/222673;
https://kazanexpress.ru/product/222674;
https://kazanexpress.ru/product/222675;
https://kazanexpress.ru/product/222676;
https://kazanexpress.ru/product/222677;
https://kazanexpress.ru/product/222678;
https://kazanexpress.ru/product/222679;
https://kazanexpress.ru/product/222680;
https://kazanexpress.ru/product/222681;
https://kazanexpress.ru/product/222682;
https://kazanexpress.ru/product/222683;
https://kazanexpress.ru/product/222684;
https://kazanexpress.ru/product/222685;
https://kazanexpress.ru/product/222686;
https://kazanexpress.ru/product/222687;
https://kazanexpress.ru/product/222688;
https://kazanexpress.ru/product/222689;
https://kazanexpress.ru/product/222690;
https://kazanexpress.ru/product/222691;
https://kazanexpress.ru/product/222692;
https://kazanexpress.ru/product/222693;
https://kazanexpress.ru/product/222694;
https://kazanexpress.ru/product/222695;
https://kazanexpress.ru/product/222696;
https://kazanexpress.ru/product/222697;
https://kazanexpress.ru/product/222698;
https://kazanexpress.ru/product/222699;
https://kazanexpress.ru/product/222700;
https://kazanexpress.ru/product/222701;
https://kazanexpress.ru/product/222702;
https://kazanexpress.ru/product/222703;
https://kazanexpress.ru/product/222704;
https://kazanexpress.ru/product/222705;
https://kazanexpress.ru/product/222706;
https://kazanexpress.ru/product/222707;
https://kazanexpress.ru/product/222708;
https://kazanexpress.ru/product/222709;
https://kazanexpress.ru/product/222710;
https://kazanexpress.ru/product/222711;
https://kazanexpress.ru/product/222712;
https://kazanexpress.ru/product/222713;
https://kazanexpress.ru/product/222714;
https://kazanexpress.ru/product/222715;
https://kazanexpress.ru/product/222716;
https://kazanexpress.ru/product/222717;
https://kazanexpress.ru/product/222718;
https://kazanexpress.ru/product/222719;
https://kazanexpress.ru/product/222720;
https://kazanexpress.ru/product/222721;
https://kazanexpress.ru/product/222722;
https://kazanexpress.ru/product/222723;
https://kazanexpress.ru/product/222724;
https://kazanexpress.ru/product/222725;
https://kazanexpress.ru/product/222726;
https://kazanexpress.ru/product/222727;
https://kazanexpress.ru/product/222728;
https://kazanexpress.ru/product/222729;
https://kazanexpress.ru/product/222730;
https://kazanexpress.ru/product/222731;
https://kazanexpress.ru/product/222732;
https://kazanexpress.ru/product/222733;
https://kazanexpress.ru/product/222734;
https://kazanexpress.ru/product/222735;
https://kazanexpress.ru/product/222736;
https://kazanexpress.ru/product/222737;
https://kazanexpress.ru/product/222738;
https://kazanexpress.ru/product/222739;
https://kazanexpress.ru/product/222740;
https://kazanexpress.ru/product/222741;
https://kazanexpress.ru/product/222742;
https://kazanexpress.ru/product/222743;
https://kazanexpress.ru/product/222744;
https://kazanexpress.ru/product/222745;
https://kazanexpress.ru/product/222746;
https://kazanexpress.ru/product/222747;
https://kazanexpress.ru/product/222748;
https://kazanexpress.ru/product/222749;
https://kazanexpress.ru/product/222750;
https://kazanexpress.ru/product/222751;
https://kazanexpress.ru/product/222752;
https://kazanexpress.ru/product/222753;
https://kazanexpress.ru/product/222754;
https://kazanexpress.ru/product/222755;
https://kazanexpress.ru/product/222756;
https://kazanexpress.ru/product/222757;
https://kazanexpress.ru/product/222758;
https://kazanexpress.ru/product/222759;
https://kazanexpress.ru/product/222760;
https://kazanexpress.ru/product/222761;
https://kazanexpress.ru/product/222762;
https://kazanexpress.ru/product/222763;
https://kazanexpress.ru/product/222764;
https://kazanexpress.ru/product/222765;
https://kazanexpress.ru/product/222766;
https://kazanexpress.ru/product/222767;
https://kazanexpress.ru/product/222768;
https://kazanexpress.ru/product/222769;
https://kazanexpress.ru/product/222770;
https://kazanexpress.ru/product/222771;
https://kazanexpress.ru/product/222772;
https://kazanexpress.ru/product/222773;
https://kazanexpress.ru/product/222774;
https://kazanexpress.ru/product/222775;
https://kazanexpress.ru/product/222776;
https://kazanexpress.ru/product/222777;
https://kazanexpress.ru/product/222778;
https://kazanexpress.ru/product/222779;
https://kazanexpress.ru/product/222780;
https://kazanexpress.ru/product/222781;
https://kazanexpress.ru/product/222782;
https://kazanexpress.ru/product/222783;
https://kazanexpress.ru/product/222784;
https://kazanexpress.ru/product/222785;
https://kazanexpress.ru/product/222786;
https://kazanexpress.ru/product/222787;
https://kazanexpress.ru/product/222788;
https://kazanexpress.ru/product/222789;
https://kazanexpress.ru/product/222790;
https://kazanexpress.ru/product/222791;
https://kazanexpress.ru/product/222792;
https://kazanexpress.ru/product/222793;
https://kazanexpress.ru/product/222794;
https://kazanexpress.ru/product/222795;
https://kazanexpress.ru/product/222796;
https://kazanexpress.ru/product/222797;
https://kazanexpress.ru/product/222798;
https://kazanexpress.ru/product/222799;
https://kazanexpress.ru/product/222800;
https://kazanexpress.ru/product/222801;
https://kazanexpress.ru/product/222802;
https://kazanexpress.ru/product/222803;
https://kazanexpress.ru/product/222804;
https://kazanexpress.ru/product/222805;
https://kazanexpress.ru/product/222806;
https://kazanexpress.ru/product/222807;
https://kazanexpress.ru/product/222808;
https://kazanexpress.ru/product/222809;
https://kazanexpress.ru/product/222810;
https://kazanexpress.ru/product/222811;
https://kazanexpress.ru/product/222812;
https://kazanexpress.ru/product/222813;
https://kazanexpress.ru/product/222814;
https://kazanexpress.ru/product/222815;
https://kazanexpress.ru/product/222816;
https://kazanexpress.ru/product/222817;
https://kazanexpress.ru/product/222818;
https://kazanexpress.ru/product/222819;
https://kazanexpress.ru/product/222820;
https://kazanexpress.ru/product/222821;
https://kazanexpress.ru/product/222822;
https://kazanexpress.ru/product/222823;
https://kazanexpress.ru/product/222824;
https://kazanexpress.ru/product/222825;
https://kazanexpress.ru/product/222826;
https://kazanexpress.ru/product/222827;
https://kazanexpress.ru/product/222828;
https://kazanexpress.ru/product/222829;
https://kazanexpress.ru/product/222830;
https://kazanexpress.ru/product/222831;
https://kazanexpress.ru/product/222832;
https://kazanexpress.ru/product/222833;
https://kazanexpress.ru/product/222834;
https://kazanexpress.ru/product/222835;
https://kazanexpress.ru/product/222836;
https://kazanexpress.ru/product/222837;
https://kazanexpress.ru/product/222838;
https://kazanexpress.ru/product/222839;
https://kazanexpress.ru/product/222840;
https://kazanexpress.ru/product/222841;
https://kazanexpress.ru/product/222842;
https://kazanexpress.ru/product/222843;
https://kazanexpress.ru/product/222844;
https://kazanexpress.ru/product/222845;
https://kazanexpress.ru/product/222846;
https://kazanexpress.ru/product/222847;
https://kazanexpress.ru/product/222848;
https://kazanexpress.ru/product/222849;
https://kazanexpress.ru/product/222850;
https://kazanexpress.ru/product/222851;
https://kazanexpress.ru/product/222852;
https://kazanexpress.ru/product/222853;
https://kazanexpress.ru/product/222854;
https://kazanexpress.ru/product/222855;
https://kazanexpress.ru/product/222856;
https://kazanexpress.ru/product/222857;
https://kazanexpress.ru/product/222858;
https://kazanexpress.ru/product/222859;
https://kazanexpress.ru/product/222860;
https://kazanexpress.ru/product/222861;
https://kazanexpress.ru/product/222862;
https://kazanexpress.ru/product/222863;
https://kazanexpress.ru/product/222864;
https://kazanexpress.ru/product/222865;
https://kazanexpress.ru/product/222866;
https://kazanexpress.ru/product/222867;
https://kazanexpress.ru/product/222868;
https://kazanexpress.ru/product/222869;
https://kazanexpress.ru/product/222870;
https://kazanexpress.ru/product/222871;
https://kazanexpress.ru/product/222872;
https://kazanexpress.ru/product/222873;
https://kazanexpress.ru/product/222874;
https://kazanexpress.ru/product/222875;
https://kazanexpress.ru/product/222876;
https://kazanexpress.ru/product/222877;
https://kazanexpress.ru/product/222878;
https://kazanexpress.ru/product/222879;
https://kazanexpress.ru/product/222880;
https://kazanexpress.ru/product/222881;
https://kazanexpress.ru/product/222882;
https://kazanexpress.ru/product/222883;
https://kazanexpress.ru/product/222884;
https://kazanexpress.ru/product/222885;
https://kazanexpress.ru/product/222886;
https://kazanexpress.ru/product/222887;
https://kazanexpress.ru/product/222888;
https://kazanexpress.ru/product/222889;
https://kazanexpress.ru/product/222890;
https://kazanexpress.ru/product/222891;
https://kazanexpress.ru/product/222892;
https://kazanexpress.ru/product/222893;
https://kazanexpress.ru/product/222894;
https://kazanexpress.ru/product/222895;
https://kazanexpress.ru/product/222896;
https://kazanexpress.ru/product/222897;
https://kazanexpress.ru/product/222898;
https://kazanexpress.ru/product/222899;
https://kazanexpress.ru/product/222900;
https://kazanexpress.ru/product/222901;
https://kazanexpress.ru/product/222902;
https://kazanexpress.ru/product/222903;
https://kazanexpress.ru/product/222904;
https://kazanexpress.ru/product/222905;
https://kazanexpress.ru/product/222906;
https://kazanexpress.ru/product/222907;
https://kazanexpress.ru/product/222908;
https://kazanexpress.ru/product/222909;
https://kazanexpress.ru/product/222910;
https://kazanexpress.ru/product/222911;
https://kazanexpress.ru/product/222912;
https://kazanexpress.ru/product/222913;
https://kazanexpress.ru/product/222914;
https://kazanexpress.ru/product/222915;
https://kazanexpress.ru/product/222916;
https://kazanexpress.ru/product/222917;
https://kazanexpress.ru/product/222918;
https://kazanexpress.ru/product/222919;
https://kazanexpress.ru/product/222920;
https://kazanexpress.ru/product/222921;
https://kazanexpress.ru/product/222922;
https://kazanexpress.ru/product/222923;
https://kazanexpress.ru/product/222924;
https://kazanexpress.ru/product/222925;
https://kazanexpress.ru/product/222926;
https://kazanexpress.ru/product/222927;
https://kazanexpress.ru/product/222928;
https://kazanexpress.ru/product/222929;
https://kazanexpress.ru/product/222930;
https://kazanexpress.ru/product/222931;
https://kazanexpress.ru/product/222932;
https://kazanexpress.ru/product/222933;
https://kazanexpress.ru/product/222934;
https://kazanexpress.ru/product/222935;
https://kazanexpress.ru/product/222936;
https://kazanexpress.ru/product/222937;
https://kazanexpress.ru/product/222938;
https://kazanexpress.ru/product/222939;
https://kazanexpress.ru/product/222940;
https://kazanexpress.ru/product/222941;
https://kazanexpress.ru/product/222942;
https://kazanexpress.ru/product/222943;
https://kazanexpress.ru/product/222944;
https://kazanexpress.ru/product/222945;
https://kazanexpress.ru/product/222946;
https://kazanexpress.ru/product/222947;
https://kazanexpress.ru/product/222948;
https://kazanexpress.ru/product/222949;
https://kazanexpress.ru/product/222950;
https://kazanexpress.ru/product/222951;
https://kazanexpress.ru/product/222952;
https://kazanexpress.ru/product/222953;
https://kazanexpress.ru/product/222954;
https://kazanexpress.ru/product/222955;
https://kazanexpress.ru/product/222956;
https://kazanexpress.ru/product/222957;
https://kazanexpress.ru/product/222958;
https://kazanexpress.ru/product/222959;
https://kazanexpress.ru/product/222960;
https://kazanexpress.ru/product/222961;
https://kazanexpress.ru/product/222962;
https://kazanexpress.ru/product/222963;
https://kazanexpress.ru/product/222964;
https://kazanexpress.ru/product/222965;
https://kazanexpress.ru/product/222966;
https://kazanexpress.ru/product/222967;
https://kazanexpress.ru/product/222968;
https://kazanexpress.ru/product/222969;
https://kazanexpress.ru/product/222970;
https://kazanexpress.ru/product/222971;
https://kazanexpress.ru/product/222972;
